<?xml version="1.0" encoding="UTF-8"?>
<!DOCTYPE codetemplates PUBLIC "-//NetBeans//DTD Editor Code Templates settings 1.0//EN" "http://www.netbeans.org/dtds/EditorCodeTemplates-1_0.dtd">
<codetemplates>
    <codetemplate abbreviation="logrb" xml:space="preserve"><code><![CDATA[private static final ${loggerType type="java.util.logging.Logger" default="Logger" editable="false"} LOG = ${loggerType}.getLogger(${classVar editable="false" currClassName default="getClass()"}.class.getName(), ${classVar}.class.getPackage().getName() + "${bundleName default=".Log" editable="true"}");]]></code></codetemplate>
    <codetemplate abbreviation="logbps" xml:space="preserve"><code><![CDATA[${loggerInst instanceof="java.util.logging.Logger" default="LOG" editable="false"}.log(${levelType type="java.util.logging.Level" editable="false" default="Level"}.${logLevel default="INFO" completionInvoke}, "${bundle_key}", new Object [] {${args default="null"}});]]></code></codetemplate>
    <codetemplate abbreviation="logbp" xml:space="preserve"><code><![CDATA[${loggerInst instanceof="java.util.logging.Logger" default="LOG" editable="false"}.log(${levelType type="java.util.logging.Level" editable="false" default="Level"}.${logLevel default="INFO" completionInvoke}, "${bundle_key}", ${args instanceof="java.lang.Object" default="args"});]]></code></codetemplate>
    <codetemplate abbreviation="jaxbu" xml:space="preserve"><code><![CDATA[
            try {
                javax.xml.bind.JAXBContext jaxbCtx = javax.xml.bind.JAXBContext.newInstance(${UM_OBJ instanceof="java.lang.Object" default="umObj"}.getClass().getPackage().getName());
                javax.xml.bind.Unmarshaller unmarshaller = jaxbCtx.createUnmarshaller();
                ${UM_OBJ} = ${TYPE_CAST cast default=""} unmarshaller.unmarshal(new java.io.File("File path")); //NOI18N
            } catch (javax.xml.bind.JAXBException ex) {
                // XXXTODO Handle exception
                java.util.logging.Logger.getLogger("global").log(java.util.logging.Level.SEVERE, null, ex); //NOI18N
            }
        ]]></code><description><![CDATA[Sample template to unmarshal JAXB objects.]]></description></codetemplate>
    <codetemplate abbreviation="logr" xml:space="preserve"><code><![CDATA[private static final ${loggerType type="java.util.logging.Logger" default="Logger" editable="false"} LOG = ${loggerType}.getLogger(${classVar editable="false" currClassName default="getClass()"}.class.getName());]]></code></codetemplate>
    <codetemplate abbreviation="logb" xml:space="preserve"><code><![CDATA[${loggerInst instanceof="java.util.logging.Logger" default="LOG" editable="false"}.log(${levelType type="java.util.logging.Level" editable="false" default="Level"}.${logLevel default="INFO" completionInvoke}, "${bundle_key}");]]></code></codetemplate>
    <codetemplate abbreviation="jaxbm" xml:space="preserve"><code><![CDATA[try {            
                javax.xml.bind.JAXBContext jaxbCtx= javax.xml.bind.JAXBContext.newInstance( ${OBJ2M instanceof="java.lang.Object" default="obj2BMarshalled"}.getClass().getPackage().getName());
                javax.xml.bind.Marshaller marshaller = jaxbCtx.createMarshaller();
                marshaller.setProperty(javax.xml.bind.Marshaller.JAXB_ENCODING, "UTF-8"); //NOI18N
                marshaller.setProperty(javax.xml.bind.Marshaller.JAXB_FORMATTED_OUTPUT, Boolean.TRUE);
                marshaller.marshal(${OBJ2M} , System.out);
            } catch (javax.xml.bind.JAXBException ex) {
                // XXXTODO Handle exception
                java.util.logging.Logger.getLogger("global").log(java.util.logging.Level.SEVERE, null, ex); //NOI18N
        }]]></code><description><![CDATA[Sample template to marshal JAXB objects.]]></description></codetemplate>
</codetemplates>
