<?xml version="1.0" encoding="UTF-8"?>
<!DOCTYPE editor-preferences PUBLIC "-//NetBeans//DTD Editor Preferences 1.0//EN" "http://www.netbeans.org/dtds/EditorPreferences-1_0.dtd">
<editor-preferences>
    <entry javaType="java.lang.String" name="classMembersOrder" xml:space="preserve"><value><![CDATA[STATIC FIELD;STATIC_INIT;INSTANCE_INIT;FIELD;CONSTRUCTOR;METHOD;STATIC METHOD;STATIC CLASS;CLASS]]></value></entry>
    <entry javaType="java.lang.Boolean" name="enable-indent" xml:space="preserve"><value><![CDATA[true]]></value></entry>
    <entry javaType="java.lang.Boolean" name="sortMembersByVisibility" xml:space="preserve"><value><![CDATA[true]]></value></entry>
    <entry javaType="java.lang.String" name="visibilityOrder" xml:space="preserve"><value><![CDATA[PUBLIC;PROTECTED;PRIVATE;DEFAULT]]></value></entry>
    <entry name="code-folding-collapse-innerclass" remove="true"/>
    <entry name="code-folding-collapse-javadoc" remove="true"/>
    <entry name="code-folding-collapse-method" remove="true"/>
    <entry name="pair-characters-completion" remove="true"/>
    <entry name="show-deprecated-members" remove="true"/>
</editor-preferences>
