<?xml version="1.0" ?>
<history>
<sql date="1641885166513" url="jdbc:derby:/home/mwangi/GitHub/upwork-jobs/Prabhakar Khanolkar/29153229 - Create a set of 10 technical questions and answers/Milestone 1 -  Create a set of 10 SQL technical questions and answers/QandA-SQL/sampledb">SELECT * FROM USER1.PEOPLE FETCH FIRST 100 ROWS ONLY</sql>
<sql date="1641941401190" url="jdbc:derby:/home/mwangi/GitHub/upwork-jobs/Prabhakar Khanolkar/29153229 - Create a set of 10 technical questions and answers/Milestone 1 -  Create a set of 10 SQL technical questions and answers/QandA-SQL/sampledb">SELECT * FROM USER1.LOCATIONS FETCH FIRST 100 ROWS ONLY</sql>
<sql date="1641884643393" url="jdbc:derby:/home/mwangi/GitHub/upwork-jobs/Prabhakar Khanolkar/29153229 - Create a set of 10 technical questions and answers/Milestone 1 -  Create a set of 10 SQL technical questions and answers/QandA-SQL/sampledb">SELECT * FROM USER1.BOOLEAN_VALUES</sql>
<sql date="1641939740932" url="jdbc:derby:/home/mwangi/GitHub/upwork-jobs/Prabhakar Khanolkar/29153229 - Create a set of 10 technical questions and answers/Milestone 1 -  Create a set of 10 SQL technical questions and answers/QandA-SQL/sampledb">SELECT * FROM USER1.PRODUCTS FETCH FIRST 100 ROWS ONLY</sql>
<sql date="1641884617074" url="jdbc:derby:/home/mwangi/GitHub/upwork-jobs/Prabhakar Khanolkar/29153229 - Create a set of 10 technical questions and answers/Milestone 1 -  Create a set of 10 SQL technical questions and answers/QandA-SQL/sampledb">SELECT * FROM USER1.BOOLEAN_VALUES FETCH FIRST 100 ROWS ONLY</sql>
</history>