<?xml version="1.0" encoding="UTF-8"?>
<!DOCTYPE platform PUBLIC "-//NetBeans//DTD Java PlatformDefinition 1.0//EN" "http://www.netbeans.org/dtds/java-platformdefinition-1_0.dtd">
<platform default="yes" name="JDK 17 (Default)">
    <properties>
        <property name="platform.ant.name" value="default_platform"/>
    </properties>
    <javadoc>
        <resource>file:/usr/share/doc/java-openjdk/</resource>
        <resource>https://download.java.net/java/early_access/jdk17/docs/api/</resource>
    </javadoc>
</platform>
