<?xml version="1.0" encoding="UTF-8"?>
<!DOCTYPE platform PUBLIC "-//NetBeans//DTD Java PlatformDefinition 1.0//EN" "http://www.netbeans.org/dtds/java-platformdefinition-1_0.dtd">
<platform default="no" name="JDK 1.8">
    <jdkhome>
        <resource>file:/usr/lib/jvm/java-8-openjdk/</resource>
    </jdkhome>
    <properties>
        <property name="platform.ant.name" value="JDK_1.8"/>
    </properties>
    <sysproperties>
        <property name="awt.toolkit" value="sun.awt.X11.XToolkit"/>
        <property name="file.encoding" value="UTF-8"/>
        <property name="file.encoding.pkg" value="sun.io"/>
        <property name="file.separator" value="/"/>
        <property name="java.awt.graphicsenv" value="sun.awt.X11GraphicsEnvironment"/>
        <property name="java.awt.printerjob" value="sun.print.PSPrinterJob"/>
        <property name="java.class.path" value=""/>
        <property name="java.class.version" value="52.0"/>
        <property name="java.endorsed.dirs" value="/usr/lib/jvm/java-8-openjdk/jre/lib/endorsed"/>
        <property name="java.ext.dirs" value="/usr/lib/jvm/java-8-openjdk/jre/lib/ext:/usr/java/packages/lib/ext"/>
        <property name="java.home" value="/usr/lib/jvm/java-8-openjdk/jre"/>
        <property name="java.io.tmpdir" value="/tmp"/>
        <property name="java.library.path" value="/usr/java/packages/lib/amd64:/usr/lib64:/lib64:/lib:/usr/lib"/>
        <property name="java.runtime.name" value="OpenJDK Runtime Environment"/>
        <property name="java.runtime.version" value="1.8.0_292-b10"/>
        <property name="java.specification.name" value="Java Platform API Specification"/>
        <property name="java.specification.vendor" value="Oracle Corporation"/>
        <property name="java.specification.version" value="1.8"/>
        <property name="java.vendor" value="Oracle Corporation"/>
        <property name="java.vendor.url" value="http://java.oracle.com/"/>
        <property name="java.vendor.url.bug" value="http://bugreport.sun.com/bugreport/"/>
        <property name="java.version" value="1.8.0_292"/>
        <property name="java.vm.info" value="mixed mode"/>
        <property name="java.vm.name" value="OpenJDK 64-Bit Server VM"/>
        <property name="java.vm.specification.name" value="Java Virtual Machine Specification"/>
        <property name="java.vm.specification.vendor" value="Oracle Corporation"/>
        <property name="java.vm.specification.version" value="1.8"/>
        <property name="java.vm.vendor" value="Oracle Corporation"/>
        <property name="java.vm.version" value="25.292-b10"/>
        <property name="line.separator" value="&#10;"/>
        <property name="os.arch" value="amd64"/>
        <property name="os.name" value="Linux"/>
        <property name="os.version" value="5.15.2-arch1-1"/>
        <property name="path.separator" value=":"/>
        <property name="sun.arch.data.model" value="64"/>
        <property name="sun.boot.class.path" value="/usr/lib/jvm/java-8-openjdk/jre/lib/resources.jar:/usr/lib/jvm/java-8-openjdk/jre/lib/rt.jar:/usr/lib/jvm/java-8-openjdk/jre/lib/sunrsasign.jar:/usr/lib/jvm/java-8-openjdk/jre/lib/jsse.jar:/usr/lib/jvm/java-8-openjdk/jre/lib/jce.jar:/usr/lib/jvm/java-8-openjdk/jre/lib/charsets.jar:/usr/lib/jvm/java-8-openjdk/jre/lib/jfr.jar:/usr/lib/jvm/java-8-openjdk/jre/classes"/>
        <property name="sun.boot.library.path" value="/usr/lib/jvm/java-8-openjdk/jre/lib/amd64"/>
        <property name="sun.cpu.endian" value="little"/>
        <property name="sun.cpu.isalist" value=""/>
        <property name="sun.io.unicode.encoding" value="UnicodeLittle"/>
        <property name="sun.java.command" value="J2SEPlatformProbe /tmp/nb-platformdetect6223010314608473906properties"/>
        <property name="sun.java.launcher" value="SUN_STANDARD"/>
        <property name="sun.jnu.encoding" value="UTF-8"/>
        <property name="sun.management.compiler" value="HotSpot 64-Bit Tiered Compilers"/>
        <property name="sun.os.patch.level" value="unknown"/>
        <property name="user.country" value="US"/>
        <property name="user.dir" value=""/>
        <property name="user.home" value="/home/mwangi"/>
        <property name="user.language" value="en"/>
        <property name="user.name" value="mwangi"/>
        <property name="user.timezone" value="Africa/Nairobi"/>
    </sysproperties>
    <javadoc>
        <resource>file:/usr/share/doc/java8-openjdk/api/</resource>
        <resource>file:/usr/share/doc/java8-openjdk/jdk/api/attach/spec/</resource>
        <resource>file:/usr/share/doc/java8-openjdk/jdk/api/javac/tree/</resource>
        <resource>file:/usr/share/doc/java8-openjdk/jdk/api/javadoc/doclet/</resource>
        <resource>file:/usr/share/doc/java8-openjdk/jdk/api/jconsole/spec/</resource>
        <resource>file:/usr/share/doc/java8-openjdk/jdk/api/jpda/jdi/</resource>
        <resource>file:/usr/share/doc/java8-openjdk/jdk/api/nashorn/</resource>
        <resource>file:/usr/share/doc/java8-openjdk/jre/api/accessibility/jaccess/spec/</resource>
        <resource>file:/usr/share/doc/java8-openjdk/jre/api/management/extension/</resource>
        <resource>file:/usr/share/doc/java8-openjdk/jre/api/net/httpserver/spec/</resource>
        <resource>file:/usr/share/doc/java8-openjdk/jre/api/net/socketoptions/spec/</resource>
        <resource>file:/usr/share/doc/java8-openjdk/jre/api/nio/sctp/spec/</resource>
        <resource>file:/usr/share/doc/java8-openjdk/jre/api/plugin/dom/</resource>
        <resource>file:/usr/share/doc/java8-openjdk/jre/api/security/jaas/spec/</resource>
        <resource>file:/usr/share/doc/java8-openjdk/jre/api/security/jgss/spec/</resource>
        <resource>file:/usr/share/doc/java8-openjdk/jre/api/security/smartcardio/spec/</resource>
    </javadoc>
</platform>
